1;AlarmSystem;true
3; alarmSignal ;true

4; alarmSignal ;true

5; alarmSignal ;true

6; alarmSignal ;true

7; alarmSignal ;false

8; alarmSignal ;true

9; alarmSignal ;true

11; alarmSignal ;true

12; alarmSignal ;true

13; alarmSignal ;true

14; alarmSignal ;true

15; alarmSignal ;true

16; alarmSignal ;true

17; alarmSignal ;false

18; alarmSignal ;true

19; alarmSignal ;true

20; alarmSignal ;false

21; alarmSignal ;1

23; alarmSignal ;true

23; alarmSignal ;true

24; alarmSignal ;true

25; alarmSignal ;true

26; alarmSignal ;true

27; alarmSignal ;true

28; alarmSignal ;true

1234; alarmSignal ;true

0; alarmSignal ;true

1; alarmSignal ;true

